memory_size,lambda_dis,L1_mean,L1_std,MAE,MAPE
32,0.0,2.7691704600133393,0.151771022494726,2.7691704600133393,6.871793419122696
32,0.1,2.801059009243465,0.15293000169410806,2.801059009243465,6.807752698659897
32,1.0,2.7917003473899555,0.12542791796358352,2.7917003473899555,6.679088622331619
32,10.0,2.742351590041164,0.12576604432519906,2.742351590041164,6.627607345581055
32,100.0,2.774361365461102,0.11503195769871592,2.774361365461102,6.6501714289188385
