memory_size,lambda_dis,L1_mean,L1_std,MAE,MAPE
128,0.0,2.7117965288989736,0.16513509236759483,2.7117965288989736,6.509244441986084
128,0.1,2.696922075409004,0.11235110680658944,2.696922075409004,6.463999301195145
128,1.0,2.6560664249184627,0.125357919309763,2.6560664249184627,6.432536989450455
128,10.0,2.7668983781507825,0.13914392261875122,2.7668983781507825,6.664819270372391
128,100.0,2.7525151937950274,0.15648989399511098,2.7525151937950274,6.580273061990738
