memory_size,lambda_dis,L1_mean,L1_std,MAE,MAPE
64,0.0,2.7425625236114373,0.14446830946645256,2.7425625236114373,6.762658059597015
64,0.1,2.7483444067345353,0.13563692471384997,2.7483444067345353,6.525091081857681
64,1.0,2.7118365335416117,0.15332596620737857,2.7118365335416117,6.5359726548194885
64,10.0,2.6996796681617594,0.12289160089041998,2.6996796681617594,6.429120898246765
64,100.0,2.7457919893080374,0.15838983039653642,2.7457919893080374,6.621157377958298
