memory_size,lambda_dis,L1_mean,L1_std,MAE,MAPE
8,0.0,2.7989875567250473,0.12663778375029852,2.7989875567250473,6.884514540433884
8,0.1,2.8474859123523055,0.15957175733481813,2.8474859123523055,6.9406017661094666
8,1.0,3.0450333836811603,0.20659751782133137,3.0450333836811603,7.761944085359573
8,10.0,2.896839821814164,0.14998804095408116,2.896839821814164,7.210290431976318
8,100.0,2.8662971863564293,0.1578349743374471,2.8662971863564293,7.193546742200851
