memory_size,lambda_dis,L1_mean,L1_std,MAE,MAPE
16,0.0,3.0093062071506282,0.17838721743080888,3.0093062071506282,7.353758811950684
16,0.1,2.738370521967728,0.18593080121576167,2.738370521967728,6.7339107394218445
16,1.0,2.8460336225983545,0.13556977676964926,2.8460336225983545,6.713545322418213
16,10.0,2.835023860039601,0.17752709867249844,2.835023860039601,7.076019048690796
16,100.0,2.8318434909498755,0.16750534850230767,2.8318434909498755,6.7754290997982025
